S.NO,District,Type of Local Body,Local Body,Veterinary Hospitals
1,Ariyalur,M,Ariyalur,Ariyalur
2,Ariyalur,M,Jayankondam,Periavalayam
3,Chennai,C,Chennai,Royapuram
4,Coimbatore,PU,Annur,Annur
5,Coimbatore,M,Pollachi,Kanjanpatti
6,Coimbatore,PU,Sarkarsamakulam,Kovilpalayam
7,Coimbatore,PU,Madukarai,Madukarai
8,Coimbatore,M,Mettupalayam,Mettupalayam
9,Coimbatore,C,Coimbatore,Peelamedu
10,Coimbatore,PU,Periyanaickenpalayam,Periyanaickenpalayam
11,Coimbatore,PU,Perur,Perur
12,Coimbatore,PU,Sultanpet,Sultanpet
13,Coimbatore,PU,Sulur,Sulur
14,Coimbatore,PU,Sarkarsamakulam,Vellakinaru
15,Coimbatore,PU,Anamalai,Vettaikaranpudur
16,Cuddalore,PU,Bhuvanagiri,Bhuvanagiri
17,Cuddalore,PU,Kurinchipadi,Kurinchipadi
18,Cuddalore,PU,Annagramam,Melpattambakkam
19,Cuddalore,PU,Panruti,Panruti
20,Cuddalore,PU,Mangalur,Tittagudi
21,Dharmapuri,PU,Palacode,Palacode
22,Dharmapuri,PU,Pappireddipatti,Pappireddipatti
23,Dindigul,PU,Oddanchathiram,Kallimandayam
24,Dindigul,TP,Kodaikanal,Kodaikanal
25,Dindigul,TP,Nilakottai,Nilakottai
26,Dindigul,TP,Oddanchathiram,Oddanchathiram
27,Dindigul,PU,Nilakottai,Pallapatti
28,Erode,PU,Thookkanaickenpalayam,Bangalapudur
29,Erode,M,Bhavani,Bhavani
30,Erode,PU,Bhavani,Kavindapadi
31,Erode,PU,Gobichettipalayam,Kugalur
32,Erode,PU,Modakurichi,Modakurichi
33,Erode,PU,Perundurai,Perundurai
34,Kancheepuram,PU,St. Thomas Mount,Chitlapakkam
35,Kanyakumari,M,Kuzhithurai,Kuzhithurai
36,Kanyakumari,M,Thuckalay,Thuckalay
37,Karur,PU,Karur,Athoor
38,Karur,PU,Kadavur,Kaniyalampatti
39,Krishnagiri,PU,Burgur,Burgur
40,Krishnagiri,PU,Kaveripattinam,Kaveripattinam
41,Madurai,M,Melur,Melur
42,Madurai,PU,Madurai West,Samayanallur
43,Madurai,PU,Sedapatti,Sedapatti
44,Madurai,M,Thirumangalam,Thirumangalam
45,Nagapattinam,M,Nagapattinam,Nagapattinam
46,Nagapattinam,M,Sirkali,Sirkali
47,Nagapattinam,PU,Keelaiyur,Thirukuvalai
48,Namakkal,PU,Namakkal,Namakkal
49,Namakkal,M,Pallipalayam,Pallipalayam
50,Namakkal,TP,Paramathi,Paramathivelur
51,Namakkal,M,Thiruchengode,Thiruchengode
52,Pudukottai,PU,Gandarvakottai,Gandarvakottai
53,Pudukottai,PU,Keeramangalam,Keeramangalam
54,Pudukottai,PU,Ponnamaravathi,Ponnamaravathi
55,Pudukottai,PU,Aranthangi,Subramaniyapuram
56,Ramanathapuram,PU,Ramanathapuram,Devipattinam
57,Ramanathapuram,PU,Kadaladi,Kadaladi
58,Ramanathapuram,M,Paramakudi,Paramakudi
59,Ramanathapuram,M,Ramanathapuram,Ramanathapuram
60,Salem,M,Athur,Athur
61,Salem,M,Edapadi,Edapadi
62,Salem,TP,Mettur,Mettur
63,Salem,PU,Omalur,Omalur
64,Salem,PU,Veerapandi,Veerapandi
65,Salem,PU,Yercaud,Yercaud
66,Sivagangai,M,Sivagangai,Sivagangai
67,Sivagangai,TP,Thirupathur,Thirupathur
68,Thanjavur,PU,Ammapettai,Milathur
69,Thanjavur,PU,Orathanad,Orathanad
70,Thanjavur,PU,Orathanad,Pappanadu
71,Thanjavur,M,Pattukottai,Pattukottai
72,Thanjavur,PU,Peravoorani,Peravoorani
73,Thanjavur,PU,Thiruvaiyaru,Thiruvaiyaru
74,Theni,M,Theni,Allinagaram
75,Theni,M,Bodinaickanur,Bodinaickanur
76,Theni,M,Periyakulam,Periakulam
77,The Nilgiris,PU,Coonoor,Coonoor
78,The Nilgiris,PU,Gudalur,Gudalur
79,Thiruppur,M,Dharapuram,Dharapuram
80,Thiruppur,PU,Kangayam,Kangayam
81,Thiruppur,PU,Vellakovil,Muthoor
82,Thiruppur,PU,Kundadam,Pettaikalipalayam
83,Thiruppur,PU,Pongalur,Pongalur
84,Thiruppur,M,Thiruppur,Thiruppur
85,Thiruppur,M,Udumalaipettai,Udumalaipettai
86,Thiruvallur,PU,Villivakkam,Ambattur
87,Thiruvallur,PU,Minjur,Minjur
88,Thiruvallur,PU,Minjur,Ponneri
89,Thiruvallur,M,Poonamallee,Poonamallee
90,Thiruvallur,M,Thiruvallur,Thiruvallur
91,Thiruvannamalai,PU,Arani,Arani
92,Thiruvannamalai,PU,Cheyyar,Cheyyar
93,Thiruvannamalai,PU,Polur,Polur
94,Thiruvannamalai,PU,Vandavasi,Vandavasi
95,Thiruvannamalai,PU,Kilpennathur,Vettavalam
96,Thiruvarur,PU,Valangaiman,Arithuvaramangalam
97,Thiruvarur,PU,Needamangalam,Edamalaiyur
98,Thiruvarur,PU,Koradacheri,Koradacheri
99,Thiruvarur,PU,Kudavasal,Kudavasal
100,Thiruvarur,M,Mannargudi,Mannargudi
101,Thiruvarur,M,Thiruthuraipoondi,Thiruthuraipoondi
102,Thiruvarur,PU,Valangaiman,Valangaiman
103,Thoothukudi,M,Kovilpatti,Kovilpatti
104,Thoothukudi,PU,Srivaikundam,Srivaikundam
105,Tiruchirappalli,PU,Thottium,Kattuputhur
106,Tiruchirappalli,PU,Lalgudi,Lalgudi
107,Tiruchirappalli,M,Manapparai,Manaparai
108,Tiruchirappalli,PU,Pullambadi,Pullambadi
109,Tiruchirappalli,PU,Thiruverumbur,Thiruverumbur
110,Tiruchirappalli,M,Thuraiyur,Thuraiyur
111,Tiruchirappalli,PU,Marungapuri,Thuvarankurichi
112,Tiruchirappalli,PU,Vaiyampatti,Vaiyampatti
113,Tirunlveli,PU,Cheranmadevi,Cheranmahadevi
114,Tirunlveli,C,Tirunelveli,Palayamkottai
115,Tirunlveli,M,Sankarankoil,Sankarankoil
116,Tirunlveli,M,Senkottai,Senkottai
117,Tirunlveli,PU,Vasudevanallur, 
118,Tirunlveli,PU,Valliyur,Valliyur
119,Tirunlveli,PU,Cheranmadevi,Veeravanallur
120,Vellore,M,Gudiyatham,Gudiyatham
121,Vellore,M,Gudiyatham,Kalliyoor
122,Vellore,M,Katpadi,Katpadi
123,Vellore,PU,K.V. Kuppam,K.V. Kuppam
124,Vellore,M,Ranipet,Ranipet
125,Vellore,M,Thirupathur,Thirupathur
126,Vellore,M,Vaniambadi,Vaniambadi
127,Vellore,M,Walajapet,Walajapet
128,Villupuram,PU,Melmalaiyanur,Devanur
129,Villupuram,PU,Ginjee,Ginjee
130,Villupuram,PU,Thirukoilur,Thirukoilur
131,Villupuram,PU,Thiyagadurgam,Thiyagadurgam
132,Villupuram,PU,Thiruvannainallur,Thiruvannainallur
133,Villupuram,PU,Vallam,Vallam
134,Villupuram,M,Villupuram,Villupuram
135,Virudhunagar,PU,Aruppukottai,Aruppukottai
136,Virudhunagar,M,Rajapalayam,Rajapalayam
137,Virudhunagar,PU,Sattur,Sattur
138,Virudhunagar,M,Sivakasi,Sivakasi
139,Virudhunagar,PU,Virudhunagar,Virudhunagar
